CohortRef,ULN,FamilyName,GivenNames,DateOfBirth,StdCode,StartDate,EndDate,TotalPrice,EPAOrgID,ProviderRef,EmailAddress,AgreementId
VRB977,3117167993,L_OFrnylnpLT,F_grtyhFvSHt,1995-01-13,17,2021-10-21,2022-10,1548,EPA0001,v6pGWDixEO,F_grtyhFvSHt.L_OFrnylnpLT.17@mailinator.com,D86K2D
VRB977,5617184449,L_pSaFJBFDRO,F_sTWHjshEMo,1992-10-14,34,2021-10-21,2022-10,1913,EPA0001,ZubmQEHSNi,F_sTWHjshEMo.L_pSaFJBFDRO.34@mailinator.com,D86K2D
VYJ677,2617226688,L_HRJmCtFxpC,F_YatTMumNQY,1999-03-19,17,2021-10-21,2022-10,1252,EPA0001,quHcbQpTxq,F_YatTMumNQY.L_HRJmCtFxpC.17@mailinator.com,D86K2D
VYJ677,9217238081,L_JTRIYdrDAh,F_GzfCXeeVld,1994-01-24,34,2021-10-21,2022-10,1869,EPA0001,FOQsPKa5RQ,F_GzfCXeeVld.L_JTRIYdrDAh.34@mailinator.com,D86K2D
VN4NP4,4817254288,L_fOsHUERcoc,F_LxPmdbWpjv,2000-08-27,17,2021-10-21,2022-10,1319,EPA0001,OhYKOQb1u0,F_LxPmdbWpjv.L_fOsHUERcoc.17@mailinator.com,D7XV6N
VN4NP4,3117265510,L_tALUFhtJRy,F_HBOYojnhFd,2002-10-07,34,2021-10-21,2022-10,1052,EPA0001,tEiEncV25p,F_HBOYojnhFd.L_tALUFhtJRy.34@mailinator.com,D7XV6N
M4RD9G,4417292638,L_wOotUlfWCv,F_PvijUnFarQ,2001-02-11,17,2021-10-21,2022-10,1547,EPA0001,0JdDJQeMs9,F_PvijUnFarQ.L_wOotUlfWCv.17@mailinator.com,D7XV6N
M4RD9G,9817305111,L_RcCuIfDDss,F_bcoYQWgGxF,2002-05-09,34,2021-10-21,2022-10,1176,EPA0001,K7CAxXMIYL,F_bcoYQWgGxF.L_RcCuIfDDss.34@mailinator.com,D7XV6N
,2017394326,L_QHqmOJtQrU,F_jqXuKOSLnm,2002-12-24,17,2021-10-21,2022-10,1088,EPA0001,U6WjRtWZh8,F_jqXuKOSLnm.L_QHqmOJtQrU.17@mailinator.com,D4VGWD
,7217403951,L_VqRYykxTYj,F_JqsNhlizcT,1998-03-17,18,2021-10-21,2022-10,1766,EPA0001,ZpoJm0Hrzn,F_JqsNhlizcT.L_VqRYykxTYj.18@mailinator.com,D4VGWD
